name,values,flatmaps,microseconds,microseconds_error,cpu
VectorFlatMapBenchmarks.classic,0,1,0.0500000000000000028,0.00800000000000000017,ryzen 1700
VectorFlatMapBenchmarks.classic,1,1,0.236999999999999988,0.0280000000000000006,ryzen 1700
VectorFlatMapBenchmarks.classic,1000000,1,172224.959999999992,24201.0889999999999,ryzen 1700
VectorFlatMapBenchmarks.classic,2000000,1,333727.168000000005,22392.7669999999998,ryzen 1700
VectorFlatMapBenchmarks.classic,3000000,1,508781.400000000023,53930.9440000000031,ryzen 1700
VectorFlatMapBenchmarks.classic,0,5,0.245999999999999996,0.00400000000000000008,ryzen 1700
VectorFlatMapBenchmarks.classic,1,5,1.23799999999999999,0.201000000000000012,ryzen 1700
VectorFlatMapBenchmarks.classic,1000000,5,872883.145000000019,68911.3029999999999,ryzen 1700
VectorFlatMapBenchmarks.classic,2000000,5,2000250.87299999991,217840.546000000002,ryzen 1700
VectorFlatMapBenchmarks.classic,3000000,5,2611238.0290000001,165299.962,ryzen 1700
VectorFlatMapBenchmarks.classic,0,10,0.47699999999999998,0.0309999999999999998,ryzen 1700
VectorFlatMapBenchmarks.classic,1,10,2.11299999999999999,0.151999999999999996,ryzen 1700
VectorFlatMapBenchmarks.classic,1000000,10,1711164.70999999996,190020.366999999998,ryzen 1700
VectorFlatMapBenchmarks.classic,2000000,10,3477693.8339999998,81514.3190000000031,ryzen 1700
VectorFlatMapBenchmarks.classic,3000000,10,6069033.19799999986,1422718.19100000011,ryzen 1700
VectorFlatMapBenchmarks.classic,0,15,0.774000000000000021,0.0690000000000000058,ryzen 1700
VectorFlatMapBenchmarks.classic,1,15,3.98099999999999987,0.755000000000000004,ryzen 1700
VectorFlatMapBenchmarks.classic,1000000,15,2859391.64099999983,443388.814000000013,ryzen 1700
VectorFlatMapBenchmarks.classic,2000000,15,5715386.51999999955,568239.361999999965,ryzen 1700
VectorFlatMapBenchmarks.classic,3000000,15,9028271.83999999985,469428.787000000011,ryzen 1700
VectorFlatMapBenchmarks.classic,0,20,1.08299999999999996,0.165000000000000008,ryzen 1700
VectorFlatMapBenchmarks.classic,1,20,5.29100000000000037,0.890000000000000013,ryzen 1700
VectorFlatMapBenchmarks.classic,1000000,20,3558120.38599999994,464444.318000000028,ryzen 1700
VectorFlatMapBenchmarks.classic,2000000,20,6902565.62799999956,325983.173999999999,ryzen 1700
VectorFlatMapBenchmarks.classic,3000000,20,10540309.2679999992,2000860.55499999993,ryzen 1700
VectorFlatMapBenchmarks.classic,1000,1,149.801999999999992,18.5159999999999982,ryzen 1700
VectorFlatMapBenchmarks.classic,10000,1,1543.8610000000001,325.716000000000008,ryzen 1700
VectorFlatMapBenchmarks.classic,1000,5,793.368000000000052,128.735000000000014,ryzen 1700
VectorFlatMapBenchmarks.classic,10000,5,12047.9719999999998,1189.1880000000001,ryzen 1700
VectorFlatMapBenchmarks.classic,1000,10,2026.71100000000001,148.282999999999987,ryzen 1700
VectorFlatMapBenchmarks.classic,10000,10,20305.8309999999983,1378.72900000000004,ryzen 1700
VectorFlatMapBenchmarks.classic,1000,15,3306.38599999999997,282.512999999999977,ryzen 1700
VectorFlatMapBenchmarks.classic,10000,15,31651.7089999999989,2856.57600000000002,ryzen 1700
VectorFlatMapBenchmarks.classic,1000,20,4652.71600000000035,340.523000000000025,ryzen 1700
VectorFlatMapBenchmarks.classic,10000,20,46474.7960000000021,5996.33100000000013,ryzen 1700
VectorFlatMapBenchmarks.classic,100000,1,17735.1470000000008,3446.42599999999993,ryzen 1700
VectorFlatMapBenchmarks.classic,100000,5,103691.038,11158.2119999999995,ryzen 1700
VectorFlatMapBenchmarks.classic,100000,10,180279.833000000013,26595.5750000000007,ryzen 1700
VectorFlatMapBenchmarks.classic,100000,15,288095.754000000015,25332.6009999999987,ryzen 1700
VectorFlatMapBenchmarks.classic,100000,20,399878.393999999971,55693.3139999999985,ryzen 1700
VectorFlatMapBenchmarks.classic,50000,1,8964.04500000000007,1280.32799999999997,ryzen 1700
VectorFlatMapBenchmarks.classic,50000,5,52772.9660000000003,5875.05599999999959,ryzen 1700
VectorFlatMapBenchmarks.classic,50000,10,98633.9229999999952,14012.1650000000009,ryzen 1700
VectorFlatMapBenchmarks.classic,50000,15,141869.024999999994,21475.2839999999997,ryzen 1700
VectorFlatMapBenchmarks.classic,50000,20,192971.538,19892.2279999999992,ryzen 1700
VectorFlatMapBenchmarks.classic,0,3,0.162000000000000005,0.0189999999999999995,ryzen 1700
VectorFlatMapBenchmarks.classic,1,3,0.763000000000000012,0.100000000000000006,ryzen 1700
VectorFlatMapBenchmarks.classic,1000,3,500.483000000000004,64.5030000000000001,ryzen 1700
VectorFlatMapBenchmarks.classic,10000,3,6552.14199999999983,806.890999999999963,ryzen 1700
VectorFlatMapBenchmarks.classic,50000,3,27225.3719999999994,6221.42399999999998,ryzen 1700
VectorFlatMapBenchmarks.classic,100000,3,53064.2410000000018,4277.69200000000001,ryzen 1700
VectorFlatMapBenchmarks.classic,1000000,3,554699.069000000018,57235.6100000000006,ryzen 1700
VectorFlatMapBenchmarks.classic,2000000,3,1078467.38100000005,169487.825000000012,ryzen 1700
VectorFlatMapBenchmarks.classic,3000000,3,1573929.8600000001,137533.255999999994,ryzen 1700
VectorFlatMapBenchmarks.dataLocal,100000,1,15697.6299999999992,1685.28400000000011,ryzen 1700
VectorFlatMapBenchmarks.dataLocal,100000,5,73882.5920000000042,7200.94400000000041,ryzen 1700
VectorFlatMapBenchmarks.classic,0,1,0.0779999999999999999,0.00700000000000000015,E5-2650L
VectorFlatMapBenchmarks.classic,1,1,0.455000000000000016,0.0420000000000000026,E5-2650L
VectorFlatMapBenchmarks.classic,1000,1,268.108000000000004,24.1370000000000005,E5-2650L
VectorFlatMapBenchmarks.classic,5000,1,1357.452,119.022000000000006,E5-2650L
VectorFlatMapBenchmarks.classic,10000,1,2703.87800000000016,275.49799999999999,E5-2650L
VectorFlatMapBenchmarks.classic,50000,1,13470.9560000000001,886.373000000000047,E5-2650L
VectorFlatMapBenchmarks.classic,100000,1,34166.6589999999997,5471.26100000000042,E5-2650L
VectorFlatMapBenchmarks.classic,1000000,1,348781.995999999985,45067.775999999998,E5-2650L
VectorFlatMapBenchmarks.classic,2000000,1,730210.704000000027,84138.4839999999967,E5-2650L
VectorFlatMapBenchmarks.classic,3000000,1,1426560.75099999993,384863.032999999996,E5-2650L
VectorFlatMapBenchmarks.classic,0,3,0.262000000000000011,0.0359999999999999973,E5-2650L
VectorFlatMapBenchmarks.classic,1,3,1.04200000000000004,0.162000000000000005,E5-2650L
VectorFlatMapBenchmarks.classic,1000,3,875.73599999999999,144.649000000000001,E5-2650L
VectorFlatMapBenchmarks.classic,5000,3,3818.13299999999981,546.495000000000005,E5-2650L
VectorFlatMapBenchmarks.classic,10000,3,8577.20700000000033,938.591999999999985,E5-2650L
VectorFlatMapBenchmarks.classic,50000,3,58748.6419999999998,5826.75500000000011,E5-2650L
VectorFlatMapBenchmarks.classic,100000,3,98164.8380000000034,12433.7270000000008,E5-2650L
VectorFlatMapBenchmarks.classic,1000000,3,1107943.3330000001,140689.146999999997,E5-2650L
VectorFlatMapBenchmarks.classic,2000000,3,4093304.49699999997,3083508.54600000009,E5-2650L
VectorFlatMapBenchmarks.classic,3000000,3,5183835.05800000019,2552360.03899999987,E5-2650L
VectorFlatMapBenchmarks.classic,0,5,0.429999999999999993,0.0690000000000000058,E5-2650L
VectorFlatMapBenchmarks.classic,1,5,2.05200000000000005,0.224000000000000005,E5-2650L
VectorFlatMapBenchmarks.classic,1000,5,1441.64799999999991,399.533000000000015,E5-2650L
VectorFlatMapBenchmarks.classic,5000,5,7191.10400000000027,820.515999999999963,E5-2650L
VectorFlatMapBenchmarks.classic,10000,5,16229.4639999999999,2556.49800000000005,E5-2650L
VectorFlatMapBenchmarks.classic,50000,5,80095.8439999999973,9722.55099999999948,E5-2650L
VectorFlatMapBenchmarks.classic,100000,5,173595.127000000008,22679.619999999999,E5-2650L
VectorFlatMapBenchmarks.classic,1000000,5,1966520.71900000004,421112.516000000003,E5-2650L
VectorFlatMapBenchmarks.classic,2000000,5,5054549.81400000025,2730856.27100000018,E5-2650L
VectorFlatMapBenchmarks.classic,3000000,5,7555010.55599999987,2417926.39800000004,E5-2650L
VectorFlatMapBenchmarks.classic,0,10,0.782000000000000028,0.086999999999999994,E5-2650L
VectorFlatMapBenchmarks.classic,1,10,3.50999999999999979,0.966999999999999971,E5-2650L
VectorFlatMapBenchmarks.classic,1000,10,2530.48599999999988,311.665999999999997,E5-2650L
VectorFlatMapBenchmarks.classic,5000,10,12437.3739999999998,464.319000000000017,E5-2650L
VectorFlatMapBenchmarks.classic,0,1,0.101000000000000006,0.00700000000000000015,E5-2697A
VectorFlatMapBenchmarks.classic,1,1,0.531000000000000028,0.0609999999999999987,E5-2697A
VectorFlatMapBenchmarks.classic,1000,1,381.069999999999993,53.3370000000000033,E5-2697A
VectorFlatMapBenchmarks.classic,5000,1,1504.4849999999999,117.917000000000002,E5-2697A
VectorFlatMapBenchmarks.classic,10000,1,3514.88799999999992,537.788999999999987,E5-2697A
VectorFlatMapBenchmarks.classic,50000,1,15421.3240000000005,1149.73399999999992,E5-2697A
VectorFlatMapBenchmarks.classic,100000,1,28111.7220000000016,11681.9449999999997,E5-2697A
VectorFlatMapBenchmarks.classic,1000000,1,317075.370999999985,224792.809999999998,E5-2697A
VectorFlatMapBenchmarks.classic,2000000,1,962050.673999999999,312769.712999999989,E5-2697A
VectorFlatMapBenchmarks.classic,3000000,1,2055250.39700000011,2850217.64000000013,E5-2697A
VectorFlatMapBenchmarks.classic,0,3,0.280000000000000027,0.178999999999999992,E5-2697A
VectorFlatMapBenchmarks.classic,1,3,1.26200000000000001,0.143999999999999989,E5-2697A
VectorFlatMapBenchmarks.classic,1000,3,1092.52700000000004,76.652000000000001,E5-2697A
VectorFlatMapBenchmarks.classic,5000,3,5465.55500000000029,664.100999999999999,E5-2697A
VectorFlatMapBenchmarks.classic,10000,3,8753.80899999999929,2227.50500000000011,E5-2697A
VectorFlatMapBenchmarks.classic,50000,3,50459.0190000000002,20460.8610000000008,E5-2697A
VectorFlatMapBenchmarks.classic,100000,3,97825.8600000000006,33602.6619999999966,E5-2697A
VectorFlatMapBenchmarks.classic,1000000,3,1762758.53000000003,132333.820000000007,E5-2697A
VectorFlatMapBenchmarks.classic,2000000,3,4071615.80599999987,4585692.84999999963,E5-2697A
VectorFlatMapBenchmarks.classic,3000000,3,5835027.9160000002,1266886.56400000001,E5-2697A
VectorFlatMapBenchmarks.classic,0,5,0.319000000000000006,0.0519999999999999976,E5-2697A
VectorFlatMapBenchmarks.classic,1,5,1.37999999999999989,0.269000000000000017,E5-2697A
VectorFlatMapBenchmarks.classic,1000,5,1076.79899999999998,158.87700000000001,E5-2697A
VectorFlatMapBenchmarks.classic,5000,5,5192.49499999999989,958.186000000000035,E5-2697A
VectorFlatMapBenchmarks.classic,10000,5,9926.96299999999974,831.43100000000004,E5-2697A
VectorFlatMapBenchmarks.classic,50000,5,52826.5610000000015,6284.42900000000009,E5-2697A
VectorFlatMapBenchmarks.classic,100000,5,117503.111000000004,20344.5149999999994,E5-2697A
VectorFlatMapBenchmarks.classic,1000000,5,1880122.70900000003,769585.699999999953,E5-2697A
VectorFlatMapBenchmarks.classic,2000000,5,4247594.64099999983,1686610.42100000009,E5-2697A
VectorFlatMapBenchmarks.classic,3000000,5,9141659.7770000007,1473556.97200000007,E5-2697A
VectorFlatMapBenchmarks.classic,0,10,0.618999999999999995,0.0779999999999999999,E5-2697A
VectorFlatMapBenchmarks.classic,1,10,2.8530000000000002,0.127000000000000002,E5-2697A
VectorFlatMapBenchmarks.classic,1000,10,1777.779,210.925999999999988,E5-2697A
VectorFlatMapBenchmarks.classic,5000,10,8923.60200000000077,275.862000000000023,E5-2697A
VectorFlatMapBenchmarks.classic,10000,10,18128.8009999999995,880.455000000000041,E5-2697A
VectorFlatMapBenchmarks.classic,50000,10,121633.909,14135.0210000000006,E5-2697A
VectorFlatMapBenchmarks.classic,100000,10,235587.842999999993,47195.0720000000001,E5-2697A
VectorFlatMapBenchmarks.classic,1000000,10,4634642.92100000009,3058423.22300000023,E5-2697A
VectorFlatMapBenchmarks.classic,2000000,10,9366754.02500000037,1479503.42599999998,E5-2697A
VectorFlatMapBenchmarks.classic,3000000,10,17851162.9450000003,3262701.41000000015,E5-2697A
VectorFlatMapBenchmarks.classic,0,15,0.923000000000000043,0.0990000000000000047,E5-2697A
VectorFlatMapBenchmarks.classic,1,15,3.60700000000000021,1.01000000000000001,E5-2697A
VectorFlatMapBenchmarks.classic,1000,15,2964.02700000000004,393.197000000000003,E5-2697A
VectorFlatMapBenchmarks.classic,5000,15,13650.8850000000002,1717.71599999999989,E5-2697A
VectorFlatMapBenchmarks.classic,10000,15,31047.3869999999988,3541.79300000000012,E5-2697A
VectorFlatMapBenchmarks.classic,50000,15,152872.458000000013,21437.5580000000009,E5-2697A
VectorFlatMapBenchmarks.classic,100000,15,362768.851000000024,70566.7160000000003,E5-2697A
VectorFlatMapBenchmarks.classic,1000000,15,6746919.91100000031,3742637.38299999991,E5-2697A
VectorFlatMapBenchmarks.classic,2000000,15,14032766.2960000001,827731.207000000053,E5-2697A
VectorFlatMapBenchmarks.classic,3000000,15,29025042.5980000012,2192434.69100000011,E5-2697A
VectorFlatMapBenchmarks.classic,0,20,1.21199999999999997,0.196000000000000008,E5-2697A
VectorFlatMapBenchmarks.classic,1,20,4.98200000000000021,0.900000000000000022,E5-2697A
VectorFlatMapBenchmarks.classic,1000,20,3594.42700000000013,370.252999999999986,E5-2697A
VectorFlatMapBenchmarks.classic,5000,20,20865.8149999999987,1610.59400000000005,E5-2697A
VectorFlatMapBenchmarks.classic,10000,20,39216.6270000000004,7080.24399999999969,E5-2697A
VectorFlatMapBenchmarks.classic,50000,20,237334.896000000008,40339.9729999999981,E5-2697A
VectorFlatMapBenchmarks.classic,100000,20,539943.160999999964,69828.6359999999986,E5-2697A
VectorFlatMapBenchmarks.classic,1000000,20,9367596.2890000008,2809720.92100000009,E5-2697A
VectorFlatMapBenchmarks.classic,2000000,20,20152928.7470000014,2453398.99200000009,E5-2697A
VectorFlatMapBenchmarks.classic,3000000,20,39016306.310999997,7764578.53100000042,E5-2697A
VectorFlatMapBenchmarks.classic,10000,10,24948.0740000000005,1583.79600000000005,E5-2650L
VectorFlatMapBenchmarks.classic,50000,10,149873.584000000003,12008.8829999999998,E5-2650L
VectorFlatMapBenchmarks.classic,100000,10,328830.430999999982,61663.9239999999991,E5-2650L
VectorFlatMapBenchmarks.classic,1000000,10,5073924.24500000011,1163517.08799999999,E5-2650L
VectorFlatMapBenchmarks.classic,2000000,10,9623108.52300000004,2538995.78500000015,E5-2650L
VectorFlatMapBenchmarks.classic,3000000,10,16480855.6040000003,4204291.95999999996,E5-2650L
VectorFlatMapBenchmarks.classic,0,15,1.20599999999999996,0.177999999999999992,E5-2650L
VectorFlatMapBenchmarks.classic,1,15,5.99199999999999999,0.246999999999999997,E5-2650L
VectorFlatMapBenchmarks.classic,1000,15,4266.63600000000042,304.95999999999998,E5-2650L
VectorFlatMapBenchmarks.classic,5000,15,21345.4459999999999,1169.71900000000005,E5-2650L
VectorFlatMapBenchmarks.classic,10000,15,43201.0210000000006,3825.36599999999999,E5-2650L
VectorFlatMapBenchmarks.classic,50000,15,244227.054000000004,21596.8410000000003,E5-2650L
VectorFlatMapBenchmarks.classic,100000,15,533559.48199999996,26285.9720000000016,E5-2650L
VectorFlatMapBenchmarks.classic,1000000,15,7153990.50499999989,2045539.49900000007,E5-2650L
VectorFlatMapBenchmarks.classic,2000000,15,15286574.8440000005,1378149.89800000004,E5-2650L
VectorFlatMapBenchmarks.classic,3000000,15,25456160.9420000017,3124040.64999999991,E5-2650L
VectorFlatMapBenchmarks.classic,0,20,1.61699999999999999,0.105999999999999997,E5-2650L
VectorFlatMapBenchmarks.classic,1,20,7.93599999999999994,0.632000000000000006,E5-2650L
VectorFlatMapBenchmarks.classic,1000,20,5940.4380000000001,205.97399999999999,E5-2650L
VectorFlatMapBenchmarks.classic,5000,20,28163.9110000000001,1239.54099999999994,E5-2650L
VectorFlatMapBenchmarks.classic,10000,20,71275.752999999997,8981.77000000000044,E5-2650L
VectorFlatMapBenchmarks.classic,50000,20,405949.54800000001,39275.0679999999993,E5-2650L
VectorFlatMapBenchmarks.classic,100000,20,705944.491999999969,34694.0149999999994,E5-2650L
VectorFlatMapBenchmarks.classic,1000000,20,9573564.26799999923,2567430.90199999977,E5-2650L
VectorFlatMapBenchmarks.classic,2000000,20,18808686.9670000002,2244823.9580000001,E5-2650L
VectorFlatMapBenchmarks.classic,3000000,20,34636128.4909999967,1994943.83199999994,E5-2650L
VectorFlatMapBenchmarks.stream,1000,5,519.102999999999952,48.3560000000000016,i7-4980HQ
VectorFlatMapBenchmarks.stream,5000,5,2555.62199999999984,95.1230000000000047,i7-4980HQ
VectorFlatMapBenchmarks.stream,10000,5,5326.03999999999996,204.00800000000001,i7-4980HQ
VectorFlatMapBenchmarks.stream,50000,5,27215.5269999999982,1098.43499999999995,i7-4980HQ
VectorFlatMapBenchmarks.stream,100000,5,61636.4630000000034,8559.90200000000004,i7-4980HQ
VectorFlatMapBenchmarks.stream,1000000,5,846234.581000000006,21762.5010000000002,i7-4980HQ
VectorFlatMapBenchmarks.stream,2000000,5,2283132.2910000002,1156227.08000000007,i7-4980HQ
VectorFlatMapBenchmarks.stream,3000000,5,3744229.93099999987,2795064.95300000021,i7-4980HQ
VectorFlatMapBenchmarks.stream,0,10,0.102999999999999994,0.0100000000000000002,i7-4980HQ
VectorFlatMapBenchmarks.stream,1,10,1.11499999999999999,0.0830000000000000043,i7-4980HQ
VectorFlatMapBenchmarks.stream,1000,10,1037.22900000000004,42.8980000000000032,i7-4980HQ
VectorFlatMapBenchmarks.stream,5000,10,5193.27000000000044,174.625,i7-4980HQ
VectorFlatMapBenchmarks.stream,0,1,0.0210000000000000013,0.00200000000000000004,ryzen 1700
VectorFlatMapBenchmarks.stream,1,1,0.191000000000000003,0.0609999999999999987,ryzen 1700
VectorFlatMapBenchmarks.stream,1000,1,137.399000000000001,11.3279999999999994,ryzen 1700
VectorFlatMapBenchmarks.stream,5000,1,977.789999999999964,136.784999999999997,ryzen 1700
VectorFlatMapBenchmarks.stream,10000,1,1562.6690000000001,243.336000000000013,ryzen 1700
VectorFlatMapBenchmarks.stream,50000,1,7818.7529999999997,978.764999999999986,ryzen 1700
VectorFlatMapBenchmarks.stream,100000,1,16667.0900000000001,2493.37699999999995,ryzen 1700
VectorFlatMapBenchmarks.stream,1000000,1,315252.085000000021,422872.359999999986,ryzen 1700
VectorFlatMapBenchmarks.stream,2000000,1,900489.331000000006,1570173.64299999992,ryzen 1700
VectorFlatMapBenchmarks.stream,3000000,1,1534579.83000000007,1977008.00600000005,ryzen 1700
VectorFlatMapBenchmarks.stream,0,3,0.0490000000000000019,0.00700000000000000015,ryzen 1700
VectorFlatMapBenchmarks.stream,1,3,0.442000000000000004,0.0630000000000000004,ryzen 1700
VectorFlatMapBenchmarks.stream,1000,3,483.026999999999987,55.9159999999999968,ryzen 1700
VectorFlatMapBenchmarks.stream,5000,3,2698.96199999999999,460.375,ryzen 1700
VectorFlatMapBenchmarks.stream,10000,3,4774.73400000000038,786.788000000000011,ryzen 1700
VectorFlatMapBenchmarks.stream,50000,3,23130.7050000000017,6348.49200000000019,ryzen 1700
VectorFlatMapBenchmarks.stream,100000,3,53962.0069999999978,10334.0859999999993,ryzen 1700
VectorFlatMapBenchmarks.stream,1000000,3,811552.885000000009,860624.503999999957,ryzen 1700
VectorFlatMapBenchmarks.stream,2000000,3,2317682.946,1220010.57400000002,ryzen 1700
VectorFlatMapBenchmarks.stream,3000000,3,4697836.25999999978,3782620.58799999999,ryzen 1700
VectorFlatMapBenchmarks.stream,0,5,0.086999999999999994,0.0160000000000000003,ryzen 1700
VectorFlatMapBenchmarks.stream,1,5,0.812999999999999945,0.0330000000000000016,ryzen 1700
VectorFlatMapBenchmarks.stream,1000,5,813.418999999999983,176.414999999999992,ryzen 1700
VectorFlatMapBenchmarks.stream,5000,5,4150.77999999999975,345.23599999999999,ryzen 1700
VectorFlatMapBenchmarks.stream,10000,5,8356.04999999999927,1323.17100000000005,ryzen 1700
VectorFlatMapBenchmarks.stream,50000,5,39744.8859999999986,5790.36499999999978,ryzen 1700
VectorFlatMapBenchmarks.stream,100000,5,82909.2820000000065,11595.2180000000008,ryzen 1700
VectorFlatMapBenchmarks.stream,1000000,5,1382314.04399999999,819178.270000000019,ryzen 1700
VectorFlatMapBenchmarks.stream,2000000,5,3613268.94700000016,1704605.78499999992,ryzen 1700
VectorFlatMapBenchmarks.stream,3000000,5,5704286.71700000018,2494402.76099999994,ryzen 1700
VectorFlatMapBenchmarks.stream,0,10,0.16800000000000001,0.0120000000000000002,ryzen 1700
VectorFlatMapBenchmarks.stream,1,10,1.62599999999999989,0.114000000000000004,ryzen 1700
VectorFlatMapBenchmarks.stream,1000,10,1636.34699999999998,221.36099999999999,ryzen 1700
VectorFlatMapBenchmarks.stream,5000,10,7889.08100000000013,758.307000000000016,ryzen 1700
VectorFlatMapBenchmarks.stream,10000,10,15643.2999999999993,1287.00299999999993,ryzen 1700
VectorFlatMapBenchmarks.stream,50000,10,84943.2280000000028,5375.23899999999958,ryzen 1700
VectorFlatMapBenchmarks.stream,100000,10,132919.578999999998,12346.6800000000003,ryzen 1700
VectorFlatMapBenchmarks.stream,1000000,10,2822539.59700000007,1174797.11199999996,ryzen 1700
VectorFlatMapBenchmarks.stream,2000000,10,5412492.39099999983,677222.298999999999,ryzen 1700
VectorFlatMapBenchmarks.stream,3000000,10,8378835.20799999963,1921475.46399999992,ryzen 1700
VectorFlatMapBenchmarks.stream,0,15,0.264000000000000012,0.0570000000000000021,ryzen 1700
VectorFlatMapBenchmarks.stream,1,15,2.40200000000000014,0.558000000000000052,ryzen 1700
VectorFlatMapBenchmarks.stream,1000,15,2384.68600000000015,208.359000000000009,ryzen 1700
VectorFlatMapBenchmarks.stream,5000,15,11723.4259999999995,850.490000000000009,ryzen 1700
VectorFlatMapBenchmarks.stream,10000,15,21812.0669999999991,1989.5,ryzen 1700
VectorFlatMapBenchmarks.stream,50000,15,114168.285999999993,11921.2970000000005,ryzen 1700
VectorFlatMapBenchmarks.stream,100000,15,259424.285999999993,35110.3369999999995,ryzen 1700
VectorFlatMapBenchmarks.stream,1000000,15,4110693.60600000015,1154124.23300000001,ryzen 1700
VectorFlatMapBenchmarks.classic,0,1,0.0429999999999999966,0.00200000000000000004,i7-4980HQ
VectorFlatMapBenchmarks.classic,1,1,0.195000000000000007,0.00899999999999999932,i7-4980HQ
VectorFlatMapBenchmarks.classic,1000,1,140.778999999999996,12.9890000000000008,i7-4980HQ
VectorFlatMapBenchmarks.classic,5000,1,693.323999999999955,9.77699999999999925,i7-4980HQ
VectorFlatMapBenchmarks.classic,10000,1,1404.84099999999989,33.9759999999999991,i7-4980HQ
VectorFlatMapBenchmarks.classic,50000,1,8023.29899999999998,296.302000000000021,i7-4980HQ
VectorFlatMapBenchmarks.classic,100000,1,16238.3780000000006,608.405999999999949,i7-4980HQ
VectorFlatMapBenchmarks.classic,1000000,1,168129.378999999986,1723.19299999999998,i7-4980HQ
VectorFlatMapBenchmarks.classic,2000000,1,336815.777000000002,18696.8420000000006,i7-4980HQ
VectorFlatMapBenchmarks.classic,3000000,1,517697.629000000015,25077.9759999999987,i7-4980HQ
VectorFlatMapBenchmarks.classic,0,3,0.135000000000000009,0.0050000000000000001,i7-4980HQ
VectorFlatMapBenchmarks.classic,1,3,0.561000000000000054,0.0229999999999999996,i7-4980HQ
VectorFlatMapBenchmarks.classic,1000,3,436.745000000000005,11.0730000000000004,i7-4980HQ
VectorFlatMapBenchmarks.classic,5000,3,1972.83500000000004,38.982999999999997,i7-4980HQ
VectorFlatMapBenchmarks.classic,10000,3,4708.85499999999956,183.360000000000014,i7-4980HQ
VectorFlatMapBenchmarks.classic,50000,3,26543.4919999999984,1041.22399999999993,i7-4980HQ
VectorFlatMapBenchmarks.classic,100000,3,52946.9820000000036,4732.8090000000002,i7-4980HQ
VectorFlatMapBenchmarks.classic,1000000,3,533524.109000000055,61921.0720000000001,i7-4980HQ
VectorFlatMapBenchmarks.classic,2000000,3,966627.592999999993,77723.5099999999948,i7-4980HQ
VectorFlatMapBenchmarks.classic,3000000,3,1644465.66200000001,57364.6030000000028,i7-4980HQ
VectorFlatMapBenchmarks.classic,0,5,0.225000000000000006,0.00600000000000000012,i7-4980HQ
VectorFlatMapBenchmarks.classic,1,5,0.900000000000000022,0.0219999999999999987,i7-4980HQ
VectorFlatMapBenchmarks.classic,1000,5,721.933999999999969,41.365000000000002,i7-4980HQ
VectorFlatMapBenchmarks.classic,5000,5,4180.54699999999957,142.887,i7-4980HQ
VectorFlatMapBenchmarks.classic,10000,5,7816.48300000000017,466.021000000000015,i7-4980HQ
VectorFlatMapBenchmarks.classic,50000,5,45553.3309999999983,4648.20100000000002,i7-4980HQ
VectorFlatMapBenchmarks.classic,100000,5,87369.2179999999935,8432.32099999999991,i7-4980HQ
VectorFlatMapBenchmarks.classic,1000000,5,920034.574999999953,102095.077000000005,i7-4980HQ
VectorFlatMapBenchmarks.classic,2000000,5,1801321.92100000009,146870.994000000006,i7-4980HQ
VectorFlatMapBenchmarks.classic,3000000,5,2677921.2919999999,354765.992000000027,i7-4980HQ
VectorFlatMapBenchmarks.classic,0,10,0.433999999999999997,0.0179999999999999986,i7-4980HQ
VectorFlatMapBenchmarks.classic,1,10,1.79000000000000004,0.0290000000000000015,i7-4980HQ
VectorFlatMapBenchmarks.classic,1000,10,1304.03899999999999,110.483000000000004,i7-4980HQ
VectorFlatMapBenchmarks.classic,5000,10,8700.14600000000064,246.793000000000006,i7-4980HQ
VectorFlatMapBenchmarks.classic,10000,10,17446.3919999999998,1465.654,i7-4980HQ
VectorFlatMapBenchmarks.classic,50000,10,80417.1459999999934,4272.27700000000004,i7-4980HQ
VectorFlatMapBenchmarks.classic,100000,10,183499.831999999995,25459.012999999999,i7-4980HQ
VectorFlatMapBenchmarks.classic,1000000,10,1851767.58700000006,225340.584999999992,i7-4980HQ
VectorFlatMapBenchmarks.classic,2000000,10,3698282.46299999999,519518.20299999998,i7-4980HQ
VectorFlatMapBenchmarks.classic,3000000,10,5417512.53399999999,151013.019,i7-4980HQ
VectorFlatMapBenchmarks.classic,0,15,0.64800000000000002,0.0109999999999999994,i7-4980HQ
VectorFlatMapBenchmarks.classic,1,15,2.66599999999999993,0.0830000000000000043,i7-4980HQ
VectorFlatMapBenchmarks.classic,1000,15,2261.46300000000019,368.817999999999984,i7-4980HQ
VectorFlatMapBenchmarks.classic,5000,15,12971.7369999999992,541.966999999999985,i7-4980HQ
VectorFlatMapBenchmarks.classic,10000,15,25225.0570000000007,516.376999999999953,i7-4980HQ
VectorFlatMapBenchmarks.classic,50000,15,134072.65400000001,13330.0259999999998,i7-4980HQ
VectorFlatMapBenchmarks.classic,100000,15,269037.833999999973,41419.3510000000024,i7-4980HQ
VectorFlatMapBenchmarks.classic,1000000,15,3094904.2919999999,84138.0690000000031,i7-4980HQ
VectorFlatMapBenchmarks.classic,2000000,15,5532768.14800000004,144999.412000000011,i7-4980HQ
VectorFlatMapBenchmarks.classic,3000000,15,8541132.61500000022,665736.729999999981,i7-4980HQ
VectorFlatMapBenchmarks.classic,0,20,0.854999999999999982,0.0240000000000000005,i7-4980HQ
VectorFlatMapBenchmarks.classic,1,20,3.55100000000000016,0.185999999999999999,i7-4980HQ
VectorFlatMapBenchmarks.classic,1000,20,2954.77199999999993,216.557999999999993,i7-4980HQ
VectorFlatMapBenchmarks.classic,5000,20,17161.0020000000004,567.45799999999997,i7-4980HQ
VectorFlatMapBenchmarks.classic,10000,20,35371.273000000001,5466.45799999999963,i7-4980HQ
VectorFlatMapBenchmarks.classic,50000,20,183678.450000000012,41114.8130000000019,i7-4980HQ
VectorFlatMapBenchmarks.classic,100000,20,377715.306999999972,57311.6829999999973,i7-4980HQ
VectorFlatMapBenchmarks.classic,1000000,20,3757248.31300000008,276455.148999999976,i7-4980HQ
VectorFlatMapBenchmarks.classic,2000000,20,8104210.5820000004,422494.050999999978,i7-4980HQ
VectorFlatMapBenchmarks.classic,3000000,20,11284054.8059999999,2021033.67200000002,i7-4980HQ
VectorFlatMapBenchmarks.stream,2000000,15,8464146.1099999994,3902863.87600000016,ryzen 1700
VectorFlatMapBenchmarks.stream,3000000,15,11629224.3059999999,5041403.15799999982,ryzen 1700
VectorFlatMapBenchmarks.stream,0,20,0.309999999999999998,0.0439999999999999974,ryzen 1700
VectorFlatMapBenchmarks.stream,1,20,3.28100000000000014,0.433999999999999997,ryzen 1700
VectorFlatMapBenchmarks.stream,1000,20,3130.17399999999998,476.504000000000019,ryzen 1700
VectorFlatMapBenchmarks.stream,5000,20,16070.1509999999998,1974.62300000000005,ryzen 1700
VectorFlatMapBenchmarks.stream,10000,20,27896.4939999999988,6238.64400000000023,ryzen 1700
VectorFlatMapBenchmarks.stream,50000,20,162697.926999999996,7990.90400000000045,ryzen 1700
VectorFlatMapBenchmarks.stream,100000,20,361290.305999999982,40927.6619999999966,ryzen 1700
VectorFlatMapBenchmarks.stream,1000000,20,4795026.12000000011,921647.748000000021,ryzen 1700
VectorFlatMapBenchmarks.stream,2000000,20,9046474.65499999933,823713.079999999958,ryzen 1700
VectorFlatMapBenchmarks.stream,3000000,20,15179748.6899999995,4408569.88200000022,ryzen 1700
VectorFlatMapBenchmarks.classic,5000,1,754.900999999999954,54.5379999999999967,ryzen 1700
VectorFlatMapBenchmarks.classic,5000,3,3492.92299999999977,437.235000000000014,ryzen 1700
VectorFlatMapBenchmarks.classic,5000,5,5813.98300000000017,1251.96199999999999,ryzen 1700
VectorFlatMapBenchmarks.classic,5000,10,11496.1869999999999,1302.91200000000003,ryzen 1700
VectorFlatMapBenchmarks.classic,5000,15,18343.1620000000003,1106.75299999999993,ryzen 1700
VectorFlatMapBenchmarks.classic,5000,20,23074.1699999999983,1289.83899999999994,ryzen 1700
VectorFlatMapBenchmarks.stream,0,1,0.0140000000000000003,0.00200000000000000004,i7-4980HQ
VectorFlatMapBenchmarks.stream,1,1,0.117000000000000007,0.00700000000000000015,i7-4980HQ
VectorFlatMapBenchmarks.stream,1000,1,105.581999999999994,10.4280000000000008,i7-4980HQ
VectorFlatMapBenchmarks.stream,5000,1,517.303999999999974,18.5850000000000009,i7-4980HQ
VectorFlatMapBenchmarks.stream,10000,1,1044.86599999999999,110.027000000000001,i7-4980HQ
VectorFlatMapBenchmarks.stream,50000,1,5365.53700000000026,414.728000000000009,i7-4980HQ
VectorFlatMapBenchmarks.stream,100000,1,11312.5689999999995,666.826000000000022,i7-4980HQ
VectorFlatMapBenchmarks.stream,1000000,1,180002.564000000013,75250.3359999999957,i7-4980HQ
VectorFlatMapBenchmarks.stream,2000000,1,656135.101000000024,1959747.15500000003,i7-4980HQ
VectorFlatMapBenchmarks.stream,3000000,1,910441.513999999966,1060922.473,i7-4980HQ
VectorFlatMapBenchmarks.stream,0,3,0.0330000000000000016,0.00200000000000000004,i7-4980HQ
VectorFlatMapBenchmarks.stream,1,3,0.344999999999999973,0.00899999999999999932,i7-4980HQ
VectorFlatMapBenchmarks.stream,1000,3,308.619000000000028,9.01600000000000001,i7-4980HQ
VectorFlatMapBenchmarks.stream,5000,3,1551.21199999999999,19.6610000000000014,i7-4980HQ
VectorFlatMapBenchmarks.stream,10000,3,3252.83500000000004,54.8699999999999974,i7-4980HQ
VectorFlatMapBenchmarks.stream,50000,3,15918.4040000000005,1369.3420000000001,i7-4980HQ
VectorFlatMapBenchmarks.stream,100000,3,36881.6809999999969,5541.44899999999961,i7-4980HQ
VectorFlatMapBenchmarks.stream,1000000,3,470879.738000000012,247025.834000000003,i7-4980HQ
VectorFlatMapBenchmarks.stream,2000000,3,2486513.5959999999,2612157.54600000009,i7-4980HQ
VectorFlatMapBenchmarks.stream,3000000,3,2283480.56300000008,1118620.25399999996,i7-4980HQ
VectorFlatMapBenchmarks.stream,0,5,0.0529999999999999985,0.00100000000000000002,i7-4980HQ
VectorFlatMapBenchmarks.stream,1,5,0.553000000000000047,0.0269999999999999997,i7-4980HQ
VectorFlatMapBenchmarks.stream,10000,10,10609.7309999999998,495.730999999999995,i7-4980HQ
VectorFlatMapBenchmarks.stream,50000,10,62499.4040000000023,5923.39900000000034,i7-4980HQ
VectorFlatMapBenchmarks.stream,100000,10,119277.504000000001,6503.29699999999957,i7-4980HQ
VectorFlatMapBenchmarks.stream,1000000,10,1843002.46399999992,967251.246999999974,i7-4980HQ
VectorFlatMapBenchmarks.stream,2000000,10,3930582.06399999978,3308993.67599999998,i7-4980HQ
VectorFlatMapBenchmarks.stream,3000000,10,5653063.34300000034,3581072.2919999999,i7-4980HQ
VectorFlatMapBenchmarks.stream,0,15,0.151999999999999996,0.0140000000000000003,i7-4980HQ
VectorFlatMapBenchmarks.stream,1,15,1.74399999999999999,0.0529999999999999985,i7-4980HQ
VectorFlatMapBenchmarks.stream,1000,15,1522.77800000000002,34.6599999999999966,i7-4980HQ
VectorFlatMapBenchmarks.stream,5000,15,7860.53600000000006,208.165999999999997,i7-4980HQ
VectorFlatMapBenchmarks.stream,10000,15,16000.8389999999999,1049.125,i7-4980HQ
VectorFlatMapBenchmarks.stream,50000,15,83692.8730000000069,13637.5310000000009,i7-4980HQ
VectorFlatMapBenchmarks.stream,100000,15,180128.583000000013,11936.402,i7-4980HQ
VectorFlatMapBenchmarks.stream,1000000,15,2205123.78800000018,391400.026000000013,i7-4980HQ
VectorFlatMapBenchmarks.stream,2000000,15,5274233.02400000021,272518.097999999998,i7-4980HQ
VectorFlatMapBenchmarks.stream,3000000,15,7705254.07899999991,4406133.12000000011,i7-4980HQ
VectorFlatMapBenchmarks.stream,0,20,0.200000000000000011,0.00400000000000000008,i7-4980HQ
VectorFlatMapBenchmarks.stream,1,20,2.28799999999999981,0.0970000000000000029,i7-4980HQ
VectorFlatMapBenchmarks.stream,1000,20,2561.45499999999993,44.2250000000000014,i7-4980HQ
VectorFlatMapBenchmarks.stream,5000,20,10777.759,246.235000000000014,i7-4980HQ
VectorFlatMapBenchmarks.stream,10000,20,20375.2469999999994,838.091000000000008,i7-4980HQ
VectorFlatMapBenchmarks.stream,50000,20,107166.362999999998,2963.3420000000001,i7-4980HQ
VectorFlatMapBenchmarks.stream,100000,20,260063.695999999996,28925.2010000000009,i7-4980HQ
VectorFlatMapBenchmarks.stream,1000000,20,2827283.83099999977,344016.717999999993,i7-4980HQ
VectorFlatMapBenchmarks.stream,2000000,20,7321073.14699999988,1185353.19500000007,i7-4980HQ
VectorFlatMapBenchmarks.stream,3000000,20,9386640.3359999992,8478377.7620000001,i7-4980HQ
VectorFlatMapBenchmarks.stream,0,1,0.0250000000000000014,0.00100000000000000002,E5-2650L
VectorFlatMapBenchmarks.stream,1,1,0.242999999999999994,0.0140000000000000003,E5-2650L
VectorFlatMapBenchmarks.stream,1000,1,200.002999999999986,7.43700000000000028,E5-2650L
VectorFlatMapBenchmarks.stream,5000,1,987.552000000000021,65.9150000000000063,E5-2650L
VectorFlatMapBenchmarks.stream,10000,1,2054.34700000000021,106.106999999999999,E5-2650L
VectorFlatMapBenchmarks.stream,50000,1,11052.5519999999997,860.826000000000022,E5-2650L
VectorFlatMapBenchmarks.stream,100000,1,20238.8630000000012,1830.3889999999999,E5-2650L
VectorFlatMapBenchmarks.stream,1000000,1,401214.098999999987,125086.591,E5-2650L
VectorFlatMapBenchmarks.stream,2000000,1,1893066.01000000001,3854052.95099999988,E5-2650L
VectorFlatMapBenchmarks.stream,3000000,1,3868515.40199999977,1447745.29600000009,E5-2650L
VectorFlatMapBenchmarks.stream,0,3,0.0580000000000000029,0.00200000000000000004,E5-2650L
VectorFlatMapBenchmarks.stream,1,3,0.641000000000000014,0.0929999999999999993,E5-2650L
VectorFlatMapBenchmarks.stream,1000,3,602.125999999999976,39.4680000000000035,E5-2650L
VectorFlatMapBenchmarks.stream,5000,3,2803.48999999999978,192.63900000000001,E5-2650L
VectorFlatMapBenchmarks.stream,10000,3,6125.15899999999965,620.797000000000025,E5-2650L
VectorFlatMapBenchmarks.stream,50000,3,32675.4379999999983,3366.9989999999998,E5-2650L
VectorFlatMapBenchmarks.stream,100000,3,64713.2770000000019,4126.80400000000009,E5-2650L
VectorFlatMapBenchmarks.stream,1000000,3,2256994.14199999999,3832932.37399999984,E5-2650L
VectorFlatMapBenchmarks.stream,2000000,3,3945613.95200000005,2328317.51599999983,E5-2650L
VectorFlatMapBenchmarks.stream,3000000,3,6930689.69299999997,4445892.02099999972,E5-2650L
VectorFlatMapBenchmarks.stream,0,5,0.0940000000000000002,0.00700000000000000015,E5-2650L
VectorFlatMapBenchmarks.stream,1,5,1.15700000000000003,0.0550000000000000003,E5-2650L
VectorFlatMapBenchmarks.stream,1000,5,978.759999999999991,51.2830000000000013,E5-2650L
VectorFlatMapBenchmarks.stream,5000,5,4957.07800000000043,181.64500000000001,E5-2650L
VectorFlatMapBenchmarks.stream,10000,5,10406.3439999999991,946.06899999999996,E5-2650L
VectorFlatMapBenchmarks.stream,50000,5,53855.3410000000003,5195.54399999999987,E5-2650L
VectorFlatMapBenchmarks.stream,100000,5,111476.437000000005,6387.77400000000034,E5-2650L
VectorFlatMapBenchmarks.stream,1000000,5,2776220.43300000019,3188820.31600000011,E5-2650L
VectorFlatMapBenchmarks.stream,2000000,5,5439223.34700000007,5694117.39599999972,E5-2650L
VectorFlatMapBenchmarks.stream,3000000,5,10120210.5069999993,3804260.41200000001,E5-2650L
VectorFlatMapBenchmarks.stream,0,10,0.179999999999999993,0.0129999999999999994,E5-2650L
VectorFlatMapBenchmarks.stream,1,10,2.17700000000000005,0.116000000000000006,E5-2650L
VectorFlatMapBenchmarks.stream,1000,10,1985.13799999999992,210.913999999999987,E5-2650L
VectorFlatMapBenchmarks.stream,5000,10,10094.5699999999997,558.296000000000049,E5-2650L
VectorFlatMapBenchmarks.stream,10000,10,20220.1339999999982,2040.20800000000008,E5-2650L
VectorFlatMapBenchmarks.stream,50000,10,107825.508000000002,9957.29700000000048,E5-2650L
VectorFlatMapBenchmarks.stream,100000,10,223059.739999999991,20650.9320000000007,E5-2650L
VectorFlatMapBenchmarks.stream,1000000,10,3375267.33199999994,583048.792000000016,E5-2650L
VectorFlatMapBenchmarks.stream,2000000,10,10999774.1689999998,11578168.4370000008,E5-2650L
VectorFlatMapBenchmarks.stream,3000000,10,18441193.3469999991,14921285.3680000007,E5-2650L
VectorFlatMapBenchmarks.stream,0,15,0.277000000000000024,0.0369999999999999982,E5-2650L
VectorFlatMapBenchmarks.stream,1,15,3.24000000000000021,0.209999999999999992,E5-2650L
VectorFlatMapBenchmarks.stream,1000,15,3002.08300000000008,362.511000000000024,E5-2650L
VectorFlatMapBenchmarks.stream,5000,15,14687.3279999999995,914.063999999999965,E5-2650L
VectorFlatMapBenchmarks.stream,10000,15,31119.6339999999982,1680.13300000000004,E5-2650L
VectorFlatMapBenchmarks.stream,50000,15,159102.665000000008,6943.22099999999955,E5-2650L
VectorFlatMapBenchmarks.stream,100000,15,328562.093999999983,18338.3100000000013,E5-2650L
VectorFlatMapBenchmarks.stream,1000000,15,5098799.72599999979,2920765.10900000017,E5-2650L
VectorFlatMapBenchmarks.stream,2000000,15,14851828.3129999992,14779461.2770000007,E5-2650L
VectorFlatMapBenchmarks.stream,3000000,15,26588026.2250000015,17063253.2989999987,E5-2650L
VectorFlatMapBenchmarks.stream,0,20,0.353999999999999981,0.0170000000000000012,E5-2650L
VectorFlatMapBenchmarks.stream,1,20,4.28599999999999959,0.344999999999999973,E5-2650L
VectorFlatMapBenchmarks.stream,1000,20,4110.94599999999991,521.631999999999948,E5-2650L
VectorFlatMapBenchmarks.stream,5000,20,20182.4919999999984,1120.07600000000002,E5-2650L
VectorFlatMapBenchmarks.stream,10000,20,41289.239999999998,3886.86299999999983,E5-2650L
VectorFlatMapBenchmarks.stream,50000,20,211132.614000000001,16400.4029999999984,E5-2650L
VectorFlatMapBenchmarks.stream,100000,20,439183.139000000025,54868.0970000000016,E5-2650L
VectorFlatMapBenchmarks.stream,1000000,20,9261551.12399999984,12978379.9330000002,E5-2650L
VectorFlatMapBenchmarks.stream,2000000,20,18538841.5089999996,28598061.618999999,E5-2650L
VectorFlatMapBenchmarks.stream,3000000,20,37973343.5450000018,28894342.7109999992,E5-2650L
VectorFlatMapBenchmarks.stream,0,1,0.0179999999999999986,0.00100000000000000002,E5-2697A
VectorFlatMapBenchmarks.stream,1,1,0.173999999999999988,0.0459999999999999992,E5-2697A
VectorFlatMapBenchmarks.stream,1000,1,160.73599999999999,24.968,E5-2697A
VectorFlatMapBenchmarks.stream,5000,1,837.350999999999999,199.792000000000002,E5-2697A
VectorFlatMapBenchmarks.stream,10000,1,1545.75600000000009,92.8080000000000069,E5-2697A
VectorFlatMapBenchmarks.stream,50000,1,7541.18299999999999,903.606999999999971,E5-2697A
VectorFlatMapBenchmarks.stream,100000,1,17354.3970000000008,2327.9670000000001,E5-2697A
VectorFlatMapBenchmarks.stream,1000000,1,403886.934000000008,116823.744999999995,E5-2697A
VectorFlatMapBenchmarks.stream,2000000,1,1843967.929,637342.326000000001,E5-2697A
VectorFlatMapBenchmarks.stream,3000000,1,4102640.31000000006,6581588.3870000001,E5-2697A
VectorFlatMapBenchmarks.stream,0,3,0.0449999999999999983,0.0109999999999999994,E5-2697A
VectorFlatMapBenchmarks.stream,1,3,0.495999999999999996,0.076999999999999999,E5-2697A
VectorFlatMapBenchmarks.stream,1000,3,455.954000000000008,21.2899999999999991,E5-2697A
VectorFlatMapBenchmarks.stream,5000,3,2239.05000000000018,293.535000000000025,E5-2697A
VectorFlatMapBenchmarks.stream,10000,3,4483.00399999999991,549.052000000000021,E5-2697A
VectorFlatMapBenchmarks.stream,50000,3,22729.4439999999995,394.346000000000004,E5-2697A
VectorFlatMapBenchmarks.stream,100000,3,50097.6399999999994,8537.29299999999967,E5-2697A
VectorFlatMapBenchmarks.stream,1000000,3,1125087.19900000002,224935.296999999991,E5-2697A
VectorFlatMapBenchmarks.stream,2000000,3,4934689.25700000022,1701048.82199999993,E5-2697A
VectorFlatMapBenchmarks.stream,3000000,3,16076965.2190000005,1635932.98099999991,E5-2697A
VectorFlatMapBenchmarks.stream,0,5,0.0680000000000000049,0.0109999999999999994,E5-2697A
VectorFlatMapBenchmarks.stream,1,5,0.80600000000000005,0.177999999999999992,E5-2697A
VectorFlatMapBenchmarks.stream,1000,5,742.086999999999989,136.837999999999994,E5-2697A
VectorFlatMapBenchmarks.stream,5000,5,4056.79700000000003,849.76400000000001,E5-2697A
VectorFlatMapBenchmarks.stream,10000,5,7408.09000000000015,743.508000000000038,E5-2697A
VectorFlatMapBenchmarks.stream,50000,5,39116.8669999999984,3928.03499999999985,E5-2697A
VectorFlatMapBenchmarks.stream,100000,5,83511.7719999999972,11626.4419999999991,E5-2697A
VectorFlatMapBenchmarks.stream,1000000,5,2366157.09899999993,3170732.13200000022,E5-2697A
VectorFlatMapBenchmarks.stream,2000000,5,7395201.76099999994,885107.726000000024,E5-2697A
VectorFlatMapBenchmarks.stream,3000000,5,21957372.5469999984,3650539.25999999978,E5-2697A
VectorFlatMapBenchmarks.stream,0,10,0.137000000000000011,0.0120000000000000002,E5-2697A
VectorFlatMapBenchmarks.stream,1,10,1.6399999999999999,0.281000000000000028,E5-2697A
VectorFlatMapBenchmarks.stream,1000,10,1447.67800000000011,188.752999999999986,E5-2697A
VectorFlatMapBenchmarks.stream,5000,10,7402.90099999999984,1509.13499999999999,E5-2697A
VectorFlatMapBenchmarks.stream,10000,10,14857.8199999999997,2229.4989999999998,E5-2697A
VectorFlatMapBenchmarks.stream,50000,10,80590.1929999999993,28135.1359999999986,E5-2697A
VectorFlatMapBenchmarks.stream,100000,10,177218.41399999999,54536.7520000000004,E5-2697A
VectorFlatMapBenchmarks.stream,1000000,10,4596899.79399999976,6591636.94000000041,E5-2697A
VectorFlatMapBenchmarks.stream,2000000,10,15140916.3499999996,6681852.17800000031,E5-2697A
VectorFlatMapBenchmarks.stream,3000000,10,40071197.7070000023,8534679.30000000075,E5-2697A
VectorFlatMapBenchmarks.stream,0,15,0.208999999999999991,0.0290000000000000015,E5-2697A
VectorFlatMapBenchmarks.stream,1,15,2.44200000000000017,0.379000000000000004,E5-2697A
VectorFlatMapBenchmarks.stream,1000,15,2389.75199999999995,112.292000000000002,E5-2697A
VectorFlatMapBenchmarks.stream,5000,15,11251.7700000000004,709.659999999999968,E5-2697A
VectorFlatMapBenchmarks.stream,10000,15,22248.7890000000007,3305.98399999999992,E5-2697A
VectorFlatMapBenchmarks.stream,50000,15,115352.207999999999,4465.52999999999975,E5-2697A
VectorFlatMapBenchmarks.stream,100000,15,261691.619999999995,35147.5650000000023,E5-2697A
VectorFlatMapBenchmarks.stream,1000000,15,5776632.93900000025,8679929.58100000024,E5-2697A
VectorFlatMapBenchmarks.stream,2000000,15,19507320.2509999983,6837568.83299999963,E5-2697A
VectorFlatMapBenchmarks.stream,3000000,15,57599051.0239999965,16900440.949000001,E5-2697A
VectorFlatMapBenchmarks.stream,0,20,0.276000000000000023,0.0240000000000000005,E5-2697A
VectorFlatMapBenchmarks.stream,1,20,3.56400000000000006,0.36399999999999999,E5-2697A
VectorFlatMapBenchmarks.stream,1000,20,2973.54599999999982,376.61099999999999,E5-2697A
VectorFlatMapBenchmarks.stream,5000,20,14327.7829999999994,2741.83100000000013,E5-2697A
VectorFlatMapBenchmarks.stream,10000,20,29826.4049999999988,3474.13299999999981,E5-2697A
VectorFlatMapBenchmarks.stream,50000,20,149274,20849.8719999999994,E5-2697A
VectorFlatMapBenchmarks.stream,100000,20,343021.821999999986,151625.538,E5-2697A
VectorFlatMapBenchmarks.stream,1000000,20,7105385.56500000041,9633215.47100000083,E5-2697A
VectorFlatMapBenchmarks.stream,2000000,20,22944683.5109999999,16071570.8849999998,E5-2697A
VectorFlatMapBenchmarks.stream,3000000,20,78825258.4849999994,14568695.5580000002,E5-2697A
VectorFlatMapBenchmarks.dataLocal,0,1,0.150999999999999995,0.0129999999999999994,ryzen 1700
VectorFlatMapBenchmarks.dataLocal,1,1,0.355999999999999983,0.0350000000000000033,ryzen 1700
VectorFlatMapBenchmarks.dataLocal,1000000,1,173773.496000000014,24262.8689999999988,ryzen 1700
VectorFlatMapBenchmarks.dataLocal,2000000,1,344898.021999999997,67349.4290000000037,ryzen 1700
VectorFlatMapBenchmarks.dataLocal,3000000,1,516713.813000000024,49210.4579999999987,ryzen 1700
VectorFlatMapBenchmarks.dataLocal,0,5,0.157000000000000001,0.0189999999999999995,ryzen 1700
VectorFlatMapBenchmarks.dataLocal,1,5,0.951999999999999957,0.173999999999999988,ryzen 1700
VectorFlatMapBenchmarks.dataLocal,1000000,5,724047.464999999967,88831.0829999999987,ryzen 1700
VectorFlatMapBenchmarks.dataLocal,2000000,5,1536307.82599999988,142073.850000000006,ryzen 1700
VectorFlatMapBenchmarks.dataLocal,3000000,5,2083483.11800000002,198180.720000000001,ryzen 1700
VectorFlatMapBenchmarks.dataLocal,0,10,0.154999999999999999,0.0259999999999999988,ryzen 1700
VectorFlatMapBenchmarks.dataLocal,1,10,1.54299999999999993,0.301999999999999991,ryzen 1700
VectorFlatMapBenchmarks.dataLocal,1000000,10,1524161.23999999999,74909.7850000000035,ryzen 1700
VectorFlatMapBenchmarks.dataLocal,2000000,10,2957609.75,297512.411000000022,ryzen 1700
VectorFlatMapBenchmarks.dataLocal,3000000,10,4441267.20600000024,141947.576000000001,ryzen 1700
VectorFlatMapBenchmarks.dataLocal,0,15,0.151999999999999996,0.0259999999999999988,ryzen 1700
VectorFlatMapBenchmarks.dataLocal,1,15,2.33499999999999996,0.171000000000000013,ryzen 1700
VectorFlatMapBenchmarks.dataLocal,1000000,15,2142503.03299999982,226506.173999999999,ryzen 1700
VectorFlatMapBenchmarks.dataLocal,2000000,15,4934983.63300000038,387392.092999999993,ryzen 1700
VectorFlatMapBenchmarks.dataLocal,3000000,15,7334722.63800000027,413947.016000000003,ryzen 1700
VectorFlatMapBenchmarks.dataLocal,0,20,0.16700000000000001,0.0359999999999999973,ryzen 1700
VectorFlatMapBenchmarks.dataLocal,1,20,3.16100000000000003,0.419999999999999984,ryzen 1700
VectorFlatMapBenchmarks.dataLocal,1000000,20,3022843.81799999997,191857.902000000002,ryzen 1700
VectorFlatMapBenchmarks.dataLocal,2000000,20,5791035.2790000001,196078.462,ryzen 1700
VectorFlatMapBenchmarks.dataLocal,3000000,20,8806145.82599999942,508134.905000000028,ryzen 1700
VectorFlatMapBenchmarks.dataLocal,1000,1,173.193000000000012,31.6939999999999991,ryzen 1700
VectorFlatMapBenchmarks.dataLocal,10000,1,1690.09899999999993,421.574999999999989,ryzen 1700
VectorFlatMapBenchmarks.dataLocal,1000,5,728.071000000000026,61.1159999999999997,ryzen 1700
VectorFlatMapBenchmarks.dataLocal,10000,5,7575.80199999999968,785.796000000000049,ryzen 1700
VectorFlatMapBenchmarks.dataLocal,1000,10,1573.59699999999998,187.382000000000005,ryzen 1700
VectorFlatMapBenchmarks.dataLocal,10000,10,16672.9840000000004,3784.24099999999999,ryzen 1700
VectorFlatMapBenchmarks.dataLocal,1000,15,2316.76600000000008,370.571000000000026,ryzen 1700
VectorFlatMapBenchmarks.dataLocal,10000,15,23445.3709999999992,3435.01600000000008,ryzen 1700
VectorFlatMapBenchmarks.dataLocal,1000,20,2867.82900000000018,341.538999999999987,ryzen 1700
VectorFlatMapBenchmarks.dataLocal,10000,20,29517.6359999999986,5336.82099999999991,ryzen 1700
VectorFlatMapBenchmarks.dataLocal,100000,10,149793.798999999999,14449.9560000000001,ryzen 1700
VectorFlatMapBenchmarks.dataLocal,100000,15,233461.040000000008,34167.5840000000026,ryzen 1700
VectorFlatMapBenchmarks.dataLocal,100000,20,305472.291000000027,21954.5139999999992,ryzen 1700
VectorFlatMapBenchmarks.dataLocal,50000,1,8194.36399999999958,856.697000000000003,ryzen 1700
VectorFlatMapBenchmarks.dataLocal,50000,5,35942.023000000001,3383.92500000000018,ryzen 1700
VectorFlatMapBenchmarks.dataLocal,50000,10,73221.945000000007,10135.7420000000002,ryzen 1700
VectorFlatMapBenchmarks.dataLocal,50000,15,120569.664999999994,20417.8580000000002,ryzen 1700
VectorFlatMapBenchmarks.dataLocal,50000,20,143299.140000000014,14039.2270000000008,ryzen 1700
VectorFlatMapBenchmarks.dataLocal,0,3,0.165000000000000008,0.0219999999999999987,ryzen 1700
VectorFlatMapBenchmarks.dataLocal,1,3,0.634000000000000008,0.0369999999999999982,ryzen 1700
VectorFlatMapBenchmarks.dataLocal,1000,3,489.184000000000026,50.7550000000000026,ryzen 1700
VectorFlatMapBenchmarks.dataLocal,10000,3,4822.98899999999958,365.286999999999978,ryzen 1700
VectorFlatMapBenchmarks.dataLocal,50000,3,25628.0659999999989,3820.35600000000022,ryzen 1700
VectorFlatMapBenchmarks.dataLocal,100000,3,48823.3899999999994,4939.91700000000037,ryzen 1700
VectorFlatMapBenchmarks.dataLocal,1000000,3,499715.294999999984,72143.0720000000001,ryzen 1700
VectorFlatMapBenchmarks.dataLocal,2000000,3,936530.074999999953,48364.3059999999969,ryzen 1700
VectorFlatMapBenchmarks.dataLocal,3000000,3,1475439.54000000004,146461.250999999989,ryzen 1700
VectorFlatMapBenchmarks.dataLocal,0,1,0.154999999999999999,0.0140000000000000003,E5-2697A
VectorFlatMapBenchmarks.dataLocal,1,1,0.35299999999999998,0.0580000000000000029,E5-2697A
VectorFlatMapBenchmarks.dataLocal,1000,1,181.891999999999996,42.9129999999999967,E5-2697A
VectorFlatMapBenchmarks.dataLocal,5000,1,883.916000000000054,93.7180000000000035,E5-2697A
VectorFlatMapBenchmarks.dataLocal,10000,1,1805.19200000000001,230.697000000000003,E5-2697A
VectorFlatMapBenchmarks.dataLocal,50000,1,9164.0619999999999,1696.06500000000005,E5-2697A
VectorFlatMapBenchmarks.dataLocal,100000,1,19367.0440000000017,4145.87700000000041,E5-2697A
VectorFlatMapBenchmarks.dataLocal,1000000,1,194506.231999999989,18472.5760000000009,E5-2697A
VectorFlatMapBenchmarks.dataLocal,2000000,1,403020.20299999998,93648.4170000000013,E5-2697A
VectorFlatMapBenchmarks.dataLocal,3000000,1,635498.523000000045,147285.125999999989,E5-2697A
VectorFlatMapBenchmarks.dataLocal,0,3,0.152999999999999997,0.0229999999999999996,E5-2697A
VectorFlatMapBenchmarks.dataLocal,1,3,0.680000000000000049,0.0739999999999999963,E5-2697A
VectorFlatMapBenchmarks.dataLocal,1000,3,502.012999999999977,5.79800000000000004,E5-2697A
VectorFlatMapBenchmarks.dataLocal,5000,3,2551.31500000000005,147.114000000000004,E5-2697A
VectorFlatMapBenchmarks.dataLocal,10000,3,5098.46900000000005,575.347999999999956,E5-2697A
VectorFlatMapBenchmarks.dataLocal,50000,3,25451.5999999999985,2328.0630000000001,E5-2697A
VectorFlatMapBenchmarks.dataLocal,100000,3,49847.0690000000031,4917.09500000000025,E5-2697A
VectorFlatMapBenchmarks.dataLocal,1000000,3,502218.849999999977,48583.1840000000011,E5-2697A
VectorFlatMapBenchmarks.dataLocal,2000000,3,1061286.71699999995,109543.702000000005,E5-2697A
VectorFlatMapBenchmarks.dataLocal,3000000,3,1711150.804,102484.557000000001,E5-2697A
VectorFlatMapBenchmarks.dataLocal,0,5,0.156,0.0149999999999999994,E5-2697A
VectorFlatMapBenchmarks.dataLocal,1,5,1.02299999999999991,0.0429999999999999966,E5-2697A
VectorFlatMapBenchmarks.dataLocal,1000,5,808.206999999999994,211.252999999999986,E5-2697A
VectorFlatMapBenchmarks.dataLocal,5000,5,3940.346,326.692000000000007,E5-2697A
VectorFlatMapBenchmarks.dataLocal,10000,5,8453.27900000000045,1448.19800000000009,E5-2697A
VectorFlatMapBenchmarks.dataLocal,50000,5,41833.0529999999999,6363.53399999999965,E5-2697A
VectorFlatMapBenchmarks.dataLocal,100000,5,82113.8479999999981,2785.47800000000007,E5-2697A
VectorFlatMapBenchmarks.dataLocal,1000000,5,859077.660999999964,33725.9570000000022,E5-2697A
VectorFlatMapBenchmarks.dataLocal,2000000,5,1791287.32799999998,168006.67300000001,E5-2697A
VectorFlatMapBenchmarks.dataLocal,3000000,5,2795267.34400000004,1024849.26500000001,E5-2697A
VectorFlatMapBenchmarks.dataLocal,0,10,0.157000000000000001,0.0219999999999999987,E5-2697A
VectorFlatMapBenchmarks.dataLocal,1,10,1.77600000000000002,0.383000000000000007,E5-2697A
VectorFlatMapBenchmarks.dataLocal,1000,10,1552.16699999999992,90.4809999999999945,E5-2697A
VectorFlatMapBenchmarks.dataLocal,5000,10,7764.40999999999985,718.434999999999945,E5-2697A
VectorFlatMapBenchmarks.dataLocal,10000,10,15694.2469999999994,1256.25,E5-2697A
VectorFlatMapBenchmarks.dataLocal,50000,10,81053.820000000007,17588.8869999999988,E5-2697A
VectorFlatMapBenchmarks.dataLocal,100000,10,160046.823999999993,8328,E5-2697A
VectorFlatMapBenchmarks.dataLocal,1000000,10,1662773.77300000004,98271.7149999999965,E5-2697A
VectorFlatMapBenchmarks.dataLocal,2000000,10,3285628.56799999997,423229.517999999982,E5-2697A
VectorFlatMapBenchmarks.dataLocal,3000000,10,5048144.3049999997,1056481.06099999999,E5-2697A
VectorFlatMapBenchmarks.dataLocal,0,15,0.153999999999999998,0.00600000000000000012,E5-2697A
VectorFlatMapBenchmarks.dataLocal,1,15,2.64100000000000001,0.315000000000000002,E5-2697A
VectorFlatMapBenchmarks.dataLocal,1000,15,2344.57400000000007,151.657000000000011,E5-2697A
VectorFlatMapBenchmarks.dataLocal,5000,15,11671.2960000000003,1441.2650000000001,E5-2697A
VectorFlatMapBenchmarks.dataLocal,10000,15,23896.3499999999985,3626.08599999999979,E5-2697A
VectorFlatMapBenchmarks.dataLocal,50000,15,119575.562999999995,11090.8790000000008,E5-2697A
VectorFlatMapBenchmarks.dataLocal,100000,15,238887.614000000001,49118.0310000000027,E5-2697A
VectorFlatMapBenchmarks.dataLocal,1000000,15,2479469.34299999988,213560.40400000001,E5-2697A
VectorFlatMapBenchmarks.dataLocal,2000000,15,4843384.48699999973,181268.772999999986,E5-2697A
VectorFlatMapBenchmarks.dataLocal,3000000,15,7256302.71200000029,323120.920999999973,E5-2697A
VectorFlatMapBenchmarks.dataLocal,0,20,0.159000000000000002,0.0240000000000000005,E5-2697A
VectorFlatMapBenchmarks.dataLocal,1,20,3.2719999999999998,0.620999999999999996,E5-2697A
VectorFlatMapBenchmarks.dataLocal,1000,20,3059.86599999999999,626.586999999999989,E5-2697A
VectorFlatMapBenchmarks.dataLocal,5000,20,16080.5480000000007,2696.779,E5-2697A
VectorFlatMapBenchmarks.dataLocal,10000,20,30879.6339999999982,3141.98500000000013,E5-2697A
VectorFlatMapBenchmarks.dataLocal,50000,20,154152.92300000001,12227.6980000000003,E5-2697A
VectorFlatMapBenchmarks.dataLocal,100000,20,310675.967999999993,22985.2669999999998,E5-2697A
VectorFlatMapBenchmarks.dataLocal,1000000,20,3199083.054,165189.117999999988,E5-2697A
VectorFlatMapBenchmarks.dataLocal,2000000,20,6216330.19600000046,1381747.26399999997,E5-2697A
VectorFlatMapBenchmarks.dataLocal,3000000,20,9770517.46000000089,790708.930999999982,E5-2697A
VectorFlatMapBenchmarks.dataLocal,0,1,0.213999999999999996,0.0179999999999999986,E5-2650L
VectorFlatMapBenchmarks.dataLocal,1,1,0.504000000000000004,0.0560000000000000012,E5-2650L
VectorFlatMapBenchmarks.dataLocal,1000,1,249.274000000000001,4.82699999999999996,E5-2650L
VectorFlatMapBenchmarks.dataLocal,5000,1,1296.33699999999999,71.3599999999999994,E5-2650L
VectorFlatMapBenchmarks.dataLocal,10000,1,2520.76600000000008,281.132000000000005,E5-2650L
VectorFlatMapBenchmarks.dataLocal,50000,1,12839.3379999999997,511.776999999999987,E5-2650L
VectorFlatMapBenchmarks.dataLocal,100000,1,25456.8430000000008,1657.69299999999998,E5-2650L
VectorFlatMapBenchmarks.dataLocal,1000000,1,261633.220000000001,25567.3300000000017,E5-2650L
VectorFlatMapBenchmarks.dataLocal,2000000,1,563498.415000000037,61898.5089999999982,E5-2650L
VectorFlatMapBenchmarks.dataLocal,3000000,1,792032.925000000047,54551.2830000000031,E5-2650L
VectorFlatMapBenchmarks.dataLocal,0,3,0.221000000000000002,0.0889999999999999958,E5-2650L
VectorFlatMapBenchmarks.dataLocal,1,3,0.930000000000000049,0.0729999999999999954,E5-2650L
VectorFlatMapBenchmarks.dataLocal,1000,3,661.340000000000032,52.2100000000000009,E5-2650L
VectorFlatMapBenchmarks.dataLocal,5000,3,3562.22600000000011,185.621000000000009,E5-2650L
VectorFlatMapBenchmarks.dataLocal,10000,3,7021.21500000000015,211.831999999999994,E5-2650L
VectorFlatMapBenchmarks.dataLocal,50000,3,35286.2850000000035,2675.91100000000006,E5-2650L
VectorFlatMapBenchmarks.dataLocal,100000,3,67976.5170000000071,3365.42299999999977,E5-2650L
VectorFlatMapBenchmarks.dataLocal,1000000,3,699039.445999999996,50453.0509999999995,E5-2650L
VectorFlatMapBenchmarks.dataLocal,2000000,3,1409691.13599999994,90006.9060000000027,E5-2650L
VectorFlatMapBenchmarks.dataLocal,3000000,3,2161655.55800000019,82256.7419999999984,E5-2650L
VectorFlatMapBenchmarks.dataLocal,0,5,0.213999999999999996,0.0210000000000000013,E5-2650L
VectorFlatMapBenchmarks.dataLocal,1,5,1.40900000000000003,0.0400000000000000008,E5-2650L
VectorFlatMapBenchmarks.dataLocal,1000,5,1143.73800000000006,88.269999999999996,E5-2650L
VectorFlatMapBenchmarks.dataLocal,5000,5,5950.88799999999992,634.551000000000045,E5-2650L
VectorFlatMapBenchmarks.dataLocal,10000,5,11649.2420000000002,1283.73099999999999,E5-2650L
VectorFlatMapBenchmarks.dataLocal,50000,5,58052.2719999999972,3072.51000000000022,E5-2650L
VectorFlatMapBenchmarks.dataLocal,100000,5,112991.524000000005,11907.3269999999993,E5-2650L
VectorFlatMapBenchmarks.dataLocal,1000000,5,1152442.7080000001,85425.8469999999943,E5-2650L
VectorFlatMapBenchmarks.dataLocal,2000000,5,2285773.42799999984,138772.570000000007,E5-2650L
VectorFlatMapBenchmarks.dataLocal,3000000,5,4290408.32600000035,344824.533999999985,E5-2650L
VectorFlatMapBenchmarks.dataLocal,0,10,0.215999999999999998,0.0140000000000000003,E5-2650L
VectorFlatMapBenchmarks.dataLocal,1,10,2.43199999999999994,0.215999999999999998,E5-2650L
VectorFlatMapBenchmarks.dataLocal,1000,10,2198.86299999999983,152.498999999999995,E5-2650L
VectorFlatMapBenchmarks.dataLocal,5000,10,11283.6599999999999,956.187000000000012,E5-2650L
VectorFlatMapBenchmarks.dataLocal,10000,10,21566.8410000000003,1201.66399999999999,E5-2650L
VectorFlatMapBenchmarks.dataLocal,50000,10,107962.725999999995,4989.41799999999967,E5-2650L
VectorFlatMapBenchmarks.dataLocal,100000,10,217883.763999999996,32177.2900000000009,E5-2650L
VectorFlatMapBenchmarks.dataLocal,1000000,10,2205630.54499999993,127103.645999999993,E5-2650L
VectorFlatMapBenchmarks.dataLocal,2000000,10,4387418.16999999993,190656.083000000013,E5-2650L
VectorFlatMapBenchmarks.dataLocal,3000000,10,6654216.21600000001,160921.352000000014,E5-2650L
VectorFlatMapBenchmarks.dataLocal,0,15,0.212999999999999995,0.0149999999999999994,E5-2650L
VectorFlatMapBenchmarks.dataLocal,1,15,3.44200000000000017,0.278000000000000025,E5-2650L
VectorFlatMapBenchmarks.dataLocal,1000,15,3289.8119999999999,551.563999999999965,E5-2650L
VectorFlatMapBenchmarks.dataLocal,5000,15,16116.9979999999996,973.215000000000032,E5-2650L
VectorFlatMapBenchmarks.dataLocal,10000,15,32500.1680000000015,2268.7489999999998,E5-2650L
VectorFlatMapBenchmarks.dataLocal,50000,15,161341.891999999993,9584.10699999999997,E5-2650L
VectorFlatMapBenchmarks.dataLocal,100000,15,332350.118000000017,40076.7099999999991,E5-2650L
VectorFlatMapBenchmarks.dataLocal,1000000,15,3211465.78399999999,121898.842999999993,E5-2650L
VectorFlatMapBenchmarks.dataLocal,2000000,15,6509126.76599999983,158087.375999999989,E5-2650L
VectorFlatMapBenchmarks.dataLocal,3000000,15,9786932.89399999939,375794.712,E5-2650L
VectorFlatMapBenchmarks.dataLocal,0,20,0.211999999999999994,0.0179999999999999986,E5-2650L
VectorFlatMapBenchmarks.dataLocal,1,20,4.81099999999999994,0.695999999999999952,E5-2650L
VectorFlatMapBenchmarks.dataLocal,1000,20,4316.24600000000009,251.463999999999999,E5-2650L
VectorFlatMapBenchmarks.dataLocal,5000,20,22054.3559999999998,2867.70600000000013,E5-2650L
VectorFlatMapBenchmarks.dataLocal,10000,20,42660.8389999999999,2450.93899999999985,E5-2650L
VectorFlatMapBenchmarks.dataLocal,50000,20,215565.233999999997,11102.7510000000002,E5-2650L
VectorFlatMapBenchmarks.dataLocal,100000,20,432325.270000000019,31471.4439999999995,E5-2650L
VectorFlatMapBenchmarks.dataLocal,1000000,20,4417028.17599999998,198944.053000000014,E5-2650L
VectorFlatMapBenchmarks.dataLocal,2000000,20,8746834.63000000082,535600.170999999973,E5-2650L
VectorFlatMapBenchmarks.dataLocal,3000000,20,13249635.5419999994,592326.089999999967,E5-2650L
VectorFlatMapBenchmarks.dataLocal,0,1,0.116000000000000006,0.00899999999999999932,i7-4980HQ
VectorFlatMapBenchmarks.dataLocal,1,1,0.27200000000000002,0.00899999999999999932,i7-4980HQ
VectorFlatMapBenchmarks.dataLocal,1000,1,132.5,2.78500000000000014,i7-4980HQ
VectorFlatMapBenchmarks.dataLocal,5000,1,690.113000000000056,14.9969999999999999,i7-4980HQ
VectorFlatMapBenchmarks.dataLocal,10000,1,1324.06600000000003,27.9229999999999983,i7-4980HQ
VectorFlatMapBenchmarks.dataLocal,50000,1,6775.97500000000036,222.405000000000001,i7-4980HQ
VectorFlatMapBenchmarks.dataLocal,100000,1,13590.1830000000009,676.283000000000015,i7-4980HQ
VectorFlatMapBenchmarks.dataLocal,1000000,1,139940.562000000005,5116.12100000000009,i7-4980HQ
VectorFlatMapBenchmarks.dataLocal,2000000,1,274799.204000000027,8534.85399999999936,i7-4980HQ
VectorFlatMapBenchmarks.dataLocal,3000000,1,414552.433000000019,15993.3169999999991,i7-4980HQ
VectorFlatMapBenchmarks.dataLocal,0,3,0.113000000000000003,0.00600000000000000012,i7-4980HQ
VectorFlatMapBenchmarks.dataLocal,1,3,0.486999999999999988,0.00600000000000000012,i7-4980HQ
VectorFlatMapBenchmarks.dataLocal,1000,3,366.711000000000013,2.43000000000000016,i7-4980HQ
VectorFlatMapBenchmarks.dataLocal,5000,3,1799.74900000000002,74.6620000000000061,i7-4980HQ
VectorFlatMapBenchmarks.dataLocal,10000,3,3657.39499999999998,63.6240000000000023,i7-4980HQ
VectorFlatMapBenchmarks.dataLocal,50000,3,18471.9979999999996,730.143000000000029,i7-4980HQ
VectorFlatMapBenchmarks.dataLocal,100000,3,38171.1800000000003,1278.18900000000008,i7-4980HQ
VectorFlatMapBenchmarks.dataLocal,1000000,3,374583.906000000017,11670.7569999999996,i7-4980HQ
VectorFlatMapBenchmarks.dataLocal,2000000,3,746776.158999999985,22766.6739999999991,i7-4980HQ
VectorFlatMapBenchmarks.dataLocal,3000000,3,1124700.43500000006,25551.3790000000008,i7-4980HQ
VectorFlatMapBenchmarks.dataLocal,0,5,0.117000000000000007,0.00800000000000000017,i7-4980HQ
VectorFlatMapBenchmarks.dataLocal,1,5,0.737999999999999989,0.0309999999999999998,i7-4980HQ
VectorFlatMapBenchmarks.dataLocal,1000,5,617.995999999999981,36.5940000000000012,i7-4980HQ
VectorFlatMapBenchmarks.dataLocal,5000,5,3099.39899999999989,161.495000000000005,i7-4980HQ
VectorFlatMapBenchmarks.dataLocal,10000,5,6144.63000000000011,194.681000000000012,i7-4980HQ
VectorFlatMapBenchmarks.dataLocal,50000,5,30650.3240000000005,1005.279,i7-4980HQ
VectorFlatMapBenchmarks.dataLocal,100000,5,61742.8450000000012,2450.01800000000003,i7-4980HQ
VectorFlatMapBenchmarks.dataLocal,1000000,5,612415.493999999948,13922.7540000000008,i7-4980HQ
VectorFlatMapBenchmarks.dataLocal,2000000,5,1248703.51399999997,36130.0509999999995,i7-4980HQ
VectorFlatMapBenchmarks.dataLocal,3000000,5,1843550.96800000011,78756.3819999999978,i7-4980HQ
VectorFlatMapBenchmarks.dataLocal,0,10,0.116000000000000006,0.0100000000000000002,i7-4980HQ
VectorFlatMapBenchmarks.dataLocal,1,10,1.30099999999999993,0.0240000000000000005,i7-4980HQ
VectorFlatMapBenchmarks.dataLocal,1000,10,1187.81099999999992,31.2970000000000006,i7-4980HQ
VectorFlatMapBenchmarks.dataLocal,5000,10,5924.88600000000042,190.778999999999996,i7-4980HQ
VectorFlatMapBenchmarks.dataLocal,10000,10,11811.7019999999993,178.256,i7-4980HQ
VectorFlatMapBenchmarks.dataLocal,50000,10,58904.0880000000034,1534.24399999999991,i7-4980HQ
VectorFlatMapBenchmarks.dataLocal,100000,10,119928.705000000002,9477.74599999999919,i7-4980HQ
VectorFlatMapBenchmarks.dataLocal,1000000,10,1166757.1399999999,42820.3130000000019,i7-4980HQ
VectorFlatMapBenchmarks.dataLocal,2000000,10,2426854.63200000022,111218.669999999998,i7-4980HQ
VectorFlatMapBenchmarks.dataLocal,3000000,10,3741023.7200000002,266997.504000000015,i7-4980HQ
VectorFlatMapBenchmarks.dataLocal,0,15,0.119999999999999996,0.0149999999999999994,i7-4980HQ
VectorFlatMapBenchmarks.dataLocal,1,15,1.94199999999999995,0.140999999999999986,i7-4980HQ
VectorFlatMapBenchmarks.dataLocal,1000,15,1833.83699999999999,108.828000000000003,i7-4980HQ
VectorFlatMapBenchmarks.dataLocal,5000,15,9114.75200000000041,846.686000000000035,i7-4980HQ
VectorFlatMapBenchmarks.dataLocal,10000,15,18446.9480000000003,835.59699999999998,i7-4980HQ
VectorFlatMapBenchmarks.dataLocal,50000,15,87733.8209999999963,7689.20499999999993,i7-4980HQ
VectorFlatMapBenchmarks.dataLocal,100000,15,174420.823999999993,5056.77999999999975,i7-4980HQ
VectorFlatMapBenchmarks.dataLocal,1000000,15,1812065.07300000009,242789.505000000005,i7-4980HQ
VectorFlatMapBenchmarks.dataLocal,2000000,15,3539923.88200000022,173548.807000000001,i7-4980HQ
VectorFlatMapBenchmarks.dataLocal,3000000,15,5308038.40199999977,310108.751999999979,i7-4980HQ
VectorFlatMapBenchmarks.dataLocal,0,20,0.116000000000000006,0.0129999999999999994,i7-4980HQ
VectorFlatMapBenchmarks.dataLocal,1,20,2.4700000000000002,0.0589999999999999969,i7-4980HQ
VectorFlatMapBenchmarks.dataLocal,1000,20,2279.56700000000001,63.8909999999999982,i7-4980HQ
VectorFlatMapBenchmarks.dataLocal,5000,20,11612.8610000000008,369.113,i7-4980HQ
VectorFlatMapBenchmarks.dataLocal,10000,20,23475.9340000000011,720.379000000000019,i7-4980HQ
VectorFlatMapBenchmarks.dataLocal,50000,20,115398.072,4261.76199999999972,i7-4980HQ
VectorFlatMapBenchmarks.dataLocal,100000,20,231762.945999999996,4097.69400000000041,i7-4980HQ
VectorFlatMapBenchmarks.dataLocal,1000000,20,2314131.14500000002,49569.1449999999968,i7-4980HQ
VectorFlatMapBenchmarks.dataLocal,2000000,20,4650816.41199999955,110064.286999999997,i7-4980HQ
VectorFlatMapBenchmarks.dataLocal,3000000,20,6875227.56900000013,125566.524999999994,i7-4980HQ
VectorFlatMapBenchmarks.dataLocal,5000,1,938.129999999999995,151.376000000000005,ryzen 1700
VectorFlatMapBenchmarks.dataLocal,5000,3,2545.39100000000008,468.860000000000014,ryzen 1700
VectorFlatMapBenchmarks.dataLocal,5000,5,3916.5590000000002,399.355999999999995,ryzen 1700
VectorFlatMapBenchmarks.dataLocal,5000,10,7711.55100000000039,1407.6099999999999,ryzen 1700
VectorFlatMapBenchmarks.dataLocal,5000,15,11865.8060000000005,2897.25300000000016,ryzen 1700
VectorFlatMapBenchmarks.dataLocal,5000,20,16001.4779999999992,3249.03800000000001,ryzen 1700
